{"mean": [17.389367166950063, 83.0050429367248, 57.851636237041625, 1.0, 231.14927278353704, 23.271630821599878, 0.634678168033421, 269.71136982654576, 8.55627417607922, 10.484194646449017, 2.996507040074269, 145.2991257929754, 1.0, -31.674313743422548, 33.52981354438053], "std": [6.165358605088673, 18.797911405656933, 31.67372896274024, 1.0, 277.1310377885552, 18.520904709706137, 0.48152029142531766, 31.592258246146457, 2.3460994747005195, 6.76898806048324, 1.985760704178708, 125.27731745520217, 1.0, 50.00003068047389, 31.34491846836935]}