{
  "total_samples": 136,
  "min_intensity": 25.0,
  "max_intensity": 128.0,
  "mean_intensity": 58.89706039428711,
  "median_intensity": 53.5,
  "std_intensity": 21.96229362487793
}