{
  "mse": 682.81982421875,
  "rmse": 26.130821346041728,
  "mae": 16.791494369506836,
  "category_accuracy": 64.28571428571429,
  "within_10_knots": 57.14285714285714,
  "within_20_knots": 71.42857142857143
}