{
  "train_losses": [
    3772.4247233072915,
    3410.4559733072915,
    3106.3472900390625,
    2826.2107137044272,
    2543.4632364908853,
    2264.6009521484375,
    2011.5935160319011,
    1772.7707926432292,
    1558.1893310546875,
    1323.3688354492188,
    1137.4352518717449,
    969.5723419189453,
    801.8927815755209,
    661.2693074544271,
    518.5457433064779,
    416.3464050292969,
    340.12695058186847,
    263.92359288533527,
    238.4337387084961,
    182.93460973103842,
    205.47013187408447,
    142.79973030090332,
    133.55787913004556,
    97.4332758585612,
    84.46494420369466,
    73.04978243509929,
    67.22806104024251,
    45.858662923177086,
    32.100816090901695,
    39.70698833465576,
    41.670654296875,
    63.89440107345581,
    26.173522472381592,
    39.056162198384605,
    18.311286846796673,
    15.436968286832174,
    30.291576703389484,
    41.20086542765299,
    13.162808497746786,
    11.83013912041982,
    29.05867608388265,
    14.497799714406332,
    64.60591467221577,
    8.817496061325073,
    11.617669145266214,
    32.27179193496704,
    21.46591862042745,
    31.767807523409527,
    16.698646386464436,
    12.019827723503113,
    23.312436153491337,
    10.498982985814413,
    12.943589766820272,
    28.29562282562256,
    19.635790447394054,
    22.49412041902542,
    11.25773678223292,
    30.35472909609477,
    4.188335518042247,
    10.659372021754583,
    9.44702543814977,
    5.697233229875565,
    16.831916749477386,
    11.568077077468237,
    6.797065049409866,
    5.80179895957311,
    8.804978648821512,
    8.800957560539246,
    13.592315167188644,
    28.741454005241394,
    6.062637068331242
  ],
  "val_losses": [
    3681.7208251953125,
    3647.1788330078125,
    3566.794921875,
    3377.62158203125,
    3055.0780029296875,
    2619.76806640625,
    2285.0643920898438,
    2117.1138916015625,
    1760.428466796875,
    1548.2103271484375,
    838.1747436523438,
    719.0190582275391,
    822.4449157714844,
    684.5230560302734,
    529.1848602294922,
    635.8779296875,
    409.3203125,
    415.54571533203125,
    385.50091552734375,
    392.26939392089844,
    402.6937789916992,
    889.6319580078125,
    369.3789825439453,
    389.5039825439453,
    424.4142379760742,
    430.5404357910156,
    533.9837799072266,
    401.1007080078125,
    378.71958923339844,
    349.4736022949219,
    503.327392578125,
    348.8122863769531,
    390.15657806396484,
    373.93819427490234,
    354.32017517089844,
    352.6990509033203,
    411.46412658691406,
    423.1807556152344,
    371.5858459472656,
    380.3250732421875,
    362.3065414428711,
    392.53343200683594,
    353.1001434326172,
    355.33827209472656,
    348.9297637939453,
    344.7198028564453,
    377.3456268310547,
    338.3179168701172,
    338.9238739013672,
    356.3733215332031,
    348.31602478027344,
    363.5352783203125,
    344.9006652832031,
    381.2970428466797,
    349.2858428955078,
    337.3893508911133,
    339.4215393066406,
    345.81236267089844,
    339.9412536621094,
    358.8544464111328,
    364.5830078125,
    346.62025451660156,
    352.54962158203125,
    345.7662811279297,
    347.05796813964844,
    347.5878143310547,
    346.42799377441406,
    341.62705993652344,
    345.61541748046875,
    343.52166748046875,
    343.22010803222656
  ],
  "learning_rates": [
    0.0005,
    0.0005,
    0.0005,
    0.0005,
    0.0005,
    0.0005,
    0.0005,
    0.0005,
    0.0005,
    0.0005,
    0.0005,
    0.0005,
    0.0005,
    0.0005,
    0.0005,
    0.0005,
    0.0005,
    0.0005,
    0.0005,
    0.0005,
    0.0005,
    0.0005,
    0.0005,
    0.0005,
    0.0005,
    0.0005,
    0.0005,
    0.0005,
    0.0005,
    0.00025,
    0.00025,
    0.00025,
    0.00025,
    0.00025,
    0.00025,
    0.00025,
    0.00025,
    0.00025,
    0.000125,
    0.000125,
    0.000125,
    0.000125,
    0.000125,
    0.000125,
    6.25e-05,
    6.25e-05,
    6.25e-05,
    6.25e-05,
    6.25e-05,
    6.25e-05,
    6.25e-05,
    6.25e-05,
    6.25e-05,
    6.25e-05,
    3.125e-05,
    3.125e-05,
    3.125e-05,
    3.125e-05,
    3.125e-05,
    3.125e-05,
    3.125e-05,
    3.125e-05,
    1.5625e-05,
    1.5625e-05,
    1.5625e-05,
    1.5625e-05,
    1.5625e-05,
    1.5625e-05,
    7.8125e-06,
    7.8125e-06,
    7.8125e-06
  ]
}