{
  "train_loss": [
    0.279896329758288,
    0.16020771960103058,
    0.09003960143161725,
    0.05267017709586439,
    0.03508855049981724,
    0.02767333879925405,
    0.02498871579624807,
    0.024179644741212265,
    0.023935112182663965,
    0.023926442135361176,
    0.02391243857461252,
    0.023796258335107866,
    0.023870567484652695,
    0.023857623209021513,
    0.0238495465969266,
    0.023818625909382406,
    0.023850083858057668,
    0.023824183506113063,
    0.0238600210935066,
    0.023847434528266327,
    0.02379729828644025,
    0.023928095934370272,
    0.02387720695402049,
    0.02390268958421259
  ],
  "val_loss": [
    0.21080199107527733,
    0.11853955034166574,
    0.06689841002225876,
    0.041171875689178704,
    0.0297602747566998,
    0.025281792506575584,
    0.02373096887022257,
    0.02325518042780459,
    0.023128866078332068,
    0.023092743149027227,
    0.02308482846710831,
    0.02308256272226572,
    0.02308049041312188,
    0.023080281470902263,
    0.023081653960980476,
    0.023081140918657185,
    0.023080407758243382,
    0.023078686138615013,
    0.02307807772886008,
    0.023079204419627786,
    0.023081532795913517,
    0.023079636972397566,
    0.023078285227529704,
    0.02307704489212483
  ],
  "learning_rate": [
    0.001,
    0.001,
    0.001,
    0.001,
    0.001,
    0.001,
    0.001,
    0.001,
    0.001,
    0.001,
    0.001,
    0.001,
    0.001,
    0.001,
    0.001,
    0.001,
    0.001,
    0.001,
    0.001,
    0.001,
    0.001,
    0.001,
    0.001,
    0.001
  ]
}